yrtnuoC,"acinimoDfohtlaewnommoC
aciremAfosetatSdetinU
cilbupeRnacinimoD
aeniuGweNaupaP
modgniKdetinU
aeroKhtuoS
epoledauG aicuLtniaS aleuzeneV aciRatsoC alametauG eropagniS
rodaucE amanaP ayneK yaugurU napaJ anihC uassaN eceerG itiaH aisyalaM dadinirT naduS augitnA elihC sarudnoH lizarB anihC namO nawiaT yekruT ramnayM anitnegrA muigleB"
troP,")TIM(ollinaznaM ecnirPuatroP emeneuHtroP ollebaCotreuP aredlaCotreuP lazteuQotreuP ognimoDotnaS
asabmoM oedivetnoM ertiPatnioP seirtsaCtroP gnaleKtroP ybseroMtroP niapSfotroP naduStroP keatgnoeyP s'nhoJtniaS oinotnAnaS ozneroLnaS iahgnahS eropagniS notpmahtuoS eggurbeeZ
atnaM ayogaN ahsnaN uassaN sueariP uaesoR sotnaS rahoS iepiaT acmiraY nognaY etaraZ"
